Id,Probability
1,0.080806647
2,0.040718741
3,0.011968341
4,0.067639933
5,0.108263859
6,0.027519732
7,0.04729395
8,0.041027039
9,0.00422303
10,0.37712881
11,0.012478593
12,0.022617611
13,0.008333931
14,0.043935965